<?xml version="1.0" encoding="UTF-8"?>
<project-private xmlns="http://www.netbeans.org/ns/project-private/1">
    <editor-bookmarks xmlns="http://www.netbeans.org/ns/editor-bookmarks/2" lastBookmarkId="0"/>
    <open-files xmlns="http://www.netbeans.org/ns/projectui-open-files/2">
        <group>
            <file>file:/Users/phamquangkhang/Desktop/JoiningXMLvsXSL/src/UI/MainForm.java</file>
            <file>file:/Users/phamquangkhang/Desktop/JoiningXMLvsXSL/cdcatalog.xml</file>
            <file>file:/Users/phamquangkhang/Desktop/JoiningXMLvsXSL/src/utilities/ProcessUtil.java</file>
            <file>file:/Users/phamquangkhang/Desktop/JoiningXMLvsXSL/src/entity/SaxonObject.java</file>
        </group>
    </open-files>
</project-private>
